wavelength [nm],relative intensity [%]
415,0
416,0
417,0
418,0
419,1
420,1
421,2
422,3
423,4
424,5
425,6
426,8
427,10
428,12
429,14
430,16
430,20
431,22
432,25
433,28
434,33
435,39
436,45
437,50
438,56
439,65
440,74
441,84
442,89
443,94
444,99
454,100
455,95
456,90
457,84
458,75
459,65
460,59
461,52
462,48
463,43
464,40
465,37
466,35
467,33
468,32
469,29
470,27
471,25
472,23
473,20
474,18
475,16
476,14
477,13
478,12
479,12
480,12
481,12
482,12
483,12
484,12
485,12
486,13
487,14
488,15
489,15
490,16
491,18
492,18
493,19
494,20
495,21
496,23
497,23
498,24
499,25
500,26
501,27
502,28
503,28
504,29
505,30
506,31
507,31
508,32
509,33
510,33
510,34
511,34
512,35
513,35
514,36
515,36
516,36
517,37
518,37
519,37
520,37
521,38
522,38
523,38
524,39
525,39
526,39
527,39
528,39
529,39
530,39
531,39
532,39
533,39
534,39
535,40
536,40
537,40
538,40
539,40
540,40
541,40
542,40
543,40
544,40
545,40
546,40
547,40
548,40
549,40
550,41
551,41
552,41
553,41
554,41
555,41
556,41
557,41
558,41
559,41
560,41
561,41
562,41
563,42
564,42
565,42
566,42
567,42
568,42
569,42
570,42
571,42
572,42
573,42
574,42
575,42
576,42
577,42
578,42
579,42
580,42
581,42
582,42
583,42
584,41
585,41
586,41
587,41
588,41
589,41
590,41
590,41
591,41
592,40
593,40
594,40
595,40
596,40
597,39
598,39
599,39
600,39
601,39
602,39
603,38
604,38
605,37
606,37
607,37
608,37
609,36
610,36
611,36
612,35
613,35
614,35
615,34
616,34
617,33
618,33
619,32
620,32
621,32
622,31
623,31
624,30
625,30
626,29
627,29
628,28
629,28
630,27
631,27
632,26
633,26
634,25
635,25
636,24
637,24
638,23
639,23
640,23
641,22
642,22
643,21
644,21
645,20
646,20
647,19
648,18
649,18
650,18
651,17
652,17
653,16
654,16
655,15
656,15
657,15
658,14
659,14
660,13
661,13
662,13
663,12
664,12
665,12
666,11
667,11
668,11
669,10
670,10
670,10
671,9
672,9
673,9
674,8
675,8
676,8
677,7
678,7
679,7
680,7
681,6
682,6
683,6
684,6
685,5
686,5
687,5
688,5
689,4
690,4
691,4
692,4
693,4
694,3
695,3
696,3
697,3
698,3
699,3
700,3
701,2
702,2
703,2
704,2
705,2
706,2
707,2
708,1
709,1
710,1
711,1
712,1
713,1
714,1
715,1
716,1
717,1
718,0
719,0
720,0
721,0
722,0
723,0
724,0
725,0
726,0
727,0
728,0
729,0
730,0
731,0
732,0
733,0
734,0
735,0
736,0
737,0
738,0
739,0
740,0
741,0
742,0
743,0
744,0
745,0
